,tract_id,white_CT,black_CT,asian_CT,hispanic_CT,Under $50K_CT,$50K - $100K_CT,$100K - $200K_CT,Over $200K_CT,Food_CT,Shopping_CT,Work_CT,Health_CT,Religious_CT,Service_CT,Entertainment_CT,Grocery_CT,Education_CT,Arts/Museum_CT,Transportation_CT,Sports_CT,white_inflow_CT,black_inflow_CT,hispanic_inflow_CT,asian_inflow_CT,Under $50K_inflow_CT,$50K - $100K_inflow_CT,$100K - $200K_inflow_CT,Over $200K_inflow_CT,total_population_CT,total_visitors_estimated_CT,total_visitors_received
0,25025000201,0.7612106777231786,0.03962346705322767,0.07233746648681336,0.06814379673328946,0.2608877595681954,0.2597265276872604,0.360284978871432,0.11910073387311206,19.81583860534101,6.909950178167454,0.0,0.0,8.036323806628083,7.830263971383511,0.0,5.213446607759293,1.9645313539201383,3.454975089083727,1.6763154509190177,0.0,0.6261596284090417,0.13535911854197716,0.13456483108934847,0.10391642195963252,0.3233023357208674,0.20325969229402302,0.3710114026621337,0.10242656932297566,4822,2201,2201
1,25025000202,0.7307426810650769,0.026784634240155255,0.1173052895572015,0.11821400905399115,0.2318549799025714,0.2512177621788024,0.33726015709587037,0.1796671008227556,11.710213548993215,6.787058069807578,5.544456342726282,6.787058069807578,3.69630422848419,6.165757206266932,4.942623815665891,3.0944717014237964,1.848152114242095,0.0,0.0,0.0,0.6195820185127084,0.11434329456249127,0.14861623040350186,0.11745845652129827,0.3409257667976965,0.19870031966480486,0.3530635987405594,0.10731031479693914,3541,4754,4754
2,25025000301,0.632480534437177,0.08332935242017264,0.11338311400934196,0.14291351723722692,0.1865329764385818,0.13661071903252445,0.5839501245032557,0.09290618002563795,18.284824578360567,6.355333746465593,0.0,8.595110338295044,3.1776668732327966,11.842540500305736,0.7204732605486281,0.0,6.355333746465593,4.766733493291515,0.0,0.0,0.6000713875718873,0.14143484873115808,0.1510227929367049,0.10747097076024967,0.3415715413401398,0.18956306280567597,0.3762621279079256,0.09260326794625849,3455,1100,1100
3,25025000302,0.6695123113594114,0.04700433645110312,0.1333693382690937,0.10185563243107082,0.25099976873199964,0.18085837228921386,0.48259696758046855,0.08554489139831778,11.062466092304042,2.439887323160462,0.0,0.0,0.0,3.375588353866126,4.879774646320924,2.439887323160462,2.439887323160462,0.0,0.0,0.0,0.6448018085296722,0.1053656458717785,0.13688231600074288,0.11295022959780635,0.319557949221693,0.19901820997156952,0.38069587503022734,0.10072796577651,3951,2426,2426
4,25025000401,0.7103451771376637,0.028155843350566527,0.13905630774328856,0.09567861595004125,0.2895831907140113,0.21954404863291382,0.43410041867425697,0.05677234197881773,8.499525173701148,1.5199806911895821,0.0,6.150139470027164,1.5199806911895821,12.300278940054328,2.4196024089428194,1.5199806911895821,0.0,1.4178179661035029,0.0,0.0,0.5812379816847627,0.16696776493632548,0.1419604912497925,0.10983376212911931,0.35397816840680857,0.2338615166384937,0.32848805224646577,0.08367226270823172,5592,2252,2252
5,25025000402,0.7020765758932178,0.011688534129000765,0.11754067667576568,0.1253691865359081,0.21330711879373396,0.2254094735572682,0.40299883923490215,0.15828456841409563,13.676092359382098,6.579852645104268,2.193284215034756,6.579852645104268,6.559822368638596,19.471349262493185,4.386568430069512,0.0,2.7096712842083206,3.7424454225554484,0.0,0.0,0.6149897173823514,0.11692606244094973,0.14628721251396337,0.12179700766273555,0.372882469374913,0.2004032030586358,0.3333792552345586,0.09333507233189255,6047,6557,6557
6,25025000502,0.7439162915906267,0.043635581207089026,0.11258754640648075,0.09135057547197675,0.47093355950683863,0.21525135725824246,0.24223491658912774,0.07158016664579116,9.797140622601807,6.6704617768803365,0.0,6.558613861068682,17.32035495841984,4.599185736548321,4.599185736548321,2.939142186780542,11.599319665990464,2.340373037275376,0.0,0.0,0.6350324097846745,0.1312513989691003,0.11738427119702517,0.11633192004919984,0.42039276852660584,0.22645377400251837,0.2802291998272704,0.07292425764360522,5114,12474,12474
7,25025000503,0.7376923768366631,0.022620124426975297,0.13453535782828765,0.044953761488149266,0.3488417459216514,0.33404601965552394,0.2838946174932948,0.03321761692952991,0.0,13.913294901056606,0.0,0.0,0.0,18.98604355882859,9.493021779414295,0.0,0.0,0.0,4.42027312164231,0.0,0.5673261365647375,0.16165642934111307,0.16582629443773747,0.10519113965641172,0.42414946227239664,0.2410079888948108,0.26481192534081144,0.07003062349198096,3253,1822,1822
8,25025000601,0.6578919397193819,0.0286929085212735,0.118696085133202,0.10284758558554001,0.3723608269443826,0.2211031554401195,0.32903544453194855,0.07750057308354921,31.017681035410916,7.167267157493447,0.0,30.893440370618418,1.5657416036247513,22.5879713265886,11.853954958649402,7.167267157493447,3.9038169993435785,4.681419296296804,4.046320959962245,0.0,0.5033491615198,0.2040696377269152,0.19418045589259592,0.09840074486068877,0.42047182015028967,0.20043000209752465,0.2931853901247654,0.0859127876274201,3925,6218,6218
9,25025000701,0.6073033708269715,0.08397423968239849,0.14963725437875647,0.08285173176135098,0.5050414650148903,0.3065094554861912,0.1884490794989184,0.0,0.0,0.0,0.0,9.120174474154927,0.0,24.463817835339942,0.0,19.644189613290504,0.0,0.0,0.0,0.0,0.38132675416871753,0.11844170681627797,0.12287566517462528,0.11561554234866643,0.3647486883495316,0.18404506609865243,0.15555474669644517,0.033911167363658026,4151,1448,1448
10,25025000703,0.4721624042924402,0.046412079963389495,0.31472518858419335,0.127593172626377,0.7008671870355114,0.13345573413613368,0.13765673512865892,0.02802034369969595,156.38694394756536,47.114785997023986,0.0,21.16672484645363,9.562672608233443,41.63487264876403,32.770777084673824,9.562672608233443,18.42676817232366,6.822715934103468,0.0,0.0,0.5247600563322722,0.1364912398284252,0.1529615204580484,0.1857871833812541,0.48544300792268985,0.2067489280786078,0.23889647639054112,0.06891158760816109,5119,6131,6131
11,25025000704,0.4846931953527248,0.05992238954677322,0.32857269350978663,0.08211714806933167,0.4551073331549163,0.28466543672074185,0.23164457026957302,0.02858265985476873,78.20382339397945,12.684241765554194,0.0,5.70181714003066,3.288470948367126,34.420112860031615,21.43970883999483,9.395770817187069,0.0,3.0536499344099717,0.0,0.0,0.5307020035545267,0.1317487838553682,0.136130613599638,0.20141859899046693,0.4628939032073208,0.22635783158513617,0.253760042170668,0.056988223036874966,9581,5754,5754
12,25025010103,0.5185344057849298,0.029294131799517068,0.2579928257800071,0.16226169540975688,0.5997826038996803,0.060894176005114535,0.16919436500404725,0.17012885509115785,63.57588374124912,2.5423410747878177,2.5423410747878177,0.0,0.0,17.807240711490557,12.071232056049181,6.36127928095746,29.878472767539733,6.36127928095746,10.180217487127102,0.0,0.5769994170634357,0.0687166420547663,0.13734184610219347,0.2169420947796045,0.534390355748754,0.12513127157464163,0.2255032579332723,0.11497511474333182,13717,21445,21445
13,25025010104,0.645328081887143,0.037236736732930376,0.17974677261545063,0.08124191729284592,0.46837812775441723,0.11044060449617694,0.2953654435006722,0.12581582424873355,41.333258725735924,9.233678768540498,0.0,31.46868641365606,10.502652380778864,16.87113158270553,40.24292760369858,2.3200340055951654,15.82007118934873,5.776856387067832,0.0,0.0,0.5402828309315642,0.1451506714444092,0.16990198905541656,0.14466450856860993,0.4771760261868038,0.15822834695743795,0.2489417241058398,0.11565390274991831,13387,7604,7604
14,25025010204,0.6114244337988007,0.035553549669015985,0.248453786331913,0.07286965447671119,0.607666786055939,0.1350098908451071,0.21229368914617483,0.04502963395277891,39.96486646357357,26.113063312161522,3.7750187540514184,18.25095783786028,5.296035285131946,33.242183094572404,9.071054039183364,8.758986072984957,0.0,0.0,3.4629507878530115,0.0,0.5145506807957889,0.1795817930490965,0.15697732495521913,0.14889020119989527,0.5106130566814553,0.17236486333584752,0.23045344429404144,0.08656863568865561,14005,10259,10259
15,25025010300,0.6999651892003247,0.054381363943703936,0.14037627031542663,0.07279990689621169,0.49824169152720194,0.22998129924289468,0.27177700922990333,0.0,28.063758710937655,6.29670870133513,0.0,10.494514502225218,2.0989029004450432,6.29670870133513,13.811732372920003,0.0,20.108441074255133,9.951653612084352,0.0,0.0,0.46899613491858455,0.2387493368158196,0.18461543537094957,0.10763909289464611,0.49269880601851623,0.19318382563219957,0.23552157784426397,0.07859579050502022,12812,28780,28780
16,25025010403,0.46891630561545494,0.11650315399458785,0.19526841076612506,0.1842922945486508,0.7196813196038198,0.1452934772593861,0.09442461976046271,0.0406005833763314,240.94004734847329,37.74389677908373,14.357663062004073,18.057141310151145,0.0,37.395995045371805,18.871948389541863,47.2393727798381,0.0,14.009761328292162,0.0,0.0,0.4862226629931036,0.182227755236405,0.17390157536989836,0.15764800640059284,0.6086605575863908,0.1400410255567832,0.18049308652721843,0.07080533032960751,7986,15390,15390
17,25025010404,0.5354045254032335,0.03176472019503823,0.26804356470546176,0.08779076474625316,0.7738026707006443,0.08932563025795394,0.07533641326670155,0.06153528577470004,120.7806627444217,15.996386505008722,0.0,7.998193252504361,0.0,15.996386505008722,6.560107393374748,23.994579757513083,0.0,13.120214786749496,0.0,0.0,0.34918127760452833,0.11793373737769561,0.11096319346087466,0.1185123325351973,0.46649103175926776,0.08957643564258243,0.09906701112729212,0.041456062449153605,20635,24696,24697
18,25025010405,0.5849088263308958,0.0948906353556416,0.15958941953569894,0.11883421067766332,0.9043751595281658,0.04324349289931001,0.04669839041073305,0.0056829571617910335,29.815953922262157,6.466110822788495,0.0,6.411921729027633,2.4197030529208607,13.274531719803171,4.046407769867635,2.4197030529208607,4.8394061058417215,10.404140405134406,4.442906937854678,2.0232038849338174,0.47629945790501804,0.19543120259350416,0.17483893974150783,0.15343039975996978,0.6472121236649638,0.13279673001865325,0.15979862772345738,0.06019251859292536,27043,46643,46643
19,25025010408,0.5617902471609887,0.12424849699398792,0.1683366733466934,0.12625250501002,0.4186046511627908,0.2720930232558139,0.2767441860465116,0.0325581395348837,46.10306930501281,0.0,0.0,0.0,0.0,0.0,0.0,0.0,0.0,0.0,0.0,0.0,0.500067603567334,0.2078079982670219,0.1667416897592469,0.125382708406397,0.5367024663766379,0.1879226880312014,0.1895548950705,0.0858199505216606,2803,589,589
20,25025010500,0.5693238437204912,0.0528835913184835,0.16718022375386252,0.16355274372629092,0.5309037470238931,0.11076802728008775,0.27431796974226924,0.08401025595374971,76.14491964347013,16.53415231856667,25.544100320625578,0.0,30.999693744423542,52.62168727117833,4.504974001029454,7.524204316507763,9.009948002058907,4.504974001029454,4.504974001029454,0.0,0.47349548801537844,0.20602504882277614,0.18670113716471376,0.13377832599713155,0.5594811266248894,0.15219949229701382,0.20192851136112233,0.08639086971697432,12955,12261,12261
21,25025010600,0.6543776878322609,0.09046392214585398,0.20157935369666266,0.053579036325222255,0.39252200871429427,0.13343525267779718,0.19075735737517366,0.2832853812327348,90.3916082537612,101.54257088737579,8.98035008862353,30.345919037686812,0.0,102.18871974667505,74.54347912973186,2.758719912516984,5.517439825033967,8.27615973755095,8.27615973755095,0.0,0.5293497246530308,0.18039748560019192,0.1652911791649538,0.12496161058182355,0.4681792766453242,0.1611758108572976,0.22893783501164627,0.14170707748573177,16896,50462,50462
22,25025010701,0.7459766125579452,0.012281357467153213,0.11097494272024794,0.10472097621836747,0.35483286417943616,0.08543277786867325,0.3217633074406904,0.23797105051120004,252.68062110073294,275.45352028959576,13.560832082235411,73.64460980850407,0.0,35.55103985231468,29.567635698057668,10.359471359070959,19.304722909274567,10.359471359070959,0.0,0.0,0.5717373997271886,0.13725604407080153,0.15619876771790445,0.13480778848410555,0.4658154688130409,0.1536923153188746,0.23939975798147012,0.14109245788661415,6342,24375,24375
23,25025010702,0.8526760833585193,0.012549869547914977,0.04399130362975237,0.06448724279414306,0.17278428032924328,0.17541613315915364,0.2056222622778495,0.4461773242337534,100.60864412510011,301.1939127403247,30.91499973562242,182.2688850277488,32.07284904839573,123.6599989424896,66.20896217000383,10.454046658421657,24.301643827829405,17.33227938888163,6.96936443894777,0.0,0.577366728364792,0.15097634919413094,0.1715529338708925,0.1001039885701844,0.41422627676601653,0.17226722764836963,0.24409421272435777,0.16941228286125595,5657,24558,24558
24,25025010801,0.8405965930084828,0.026896385221475052,0.047446048350093466,0.07054162337798263,0.28817991320928715,0.13798622318923667,0.27201371828424403,0.30182014531723206,10.764519689268703,0.0,0.0,157.44253046809297,0.0,42.22306964877593,15.729274979753612,10.764519689268703,27.43328508856965,17.50377450759983,0.0,0.0,0.596635931053204,0.14680692019221506,0.16337371992829178,0.09318342882628913,0.39944681674586263,0.1760677634604568,0.24943938516164194,0.17504603463203844,3272,1477,1477
25,25025010802,0.7747594264231286,0.004390356139990204,0.09006309224217766,0.11019728649963452,0.20725708774534662,0.14400547079709533,0.3261773882747395,0.32256005318281844,11.899391301680193,16.721921833417753,7.9623666492745055,7.076860769942632,7.076860769942632,7.076860769942632,0.0,0.0,12.784897181012067,0.0,0.0,0.0,0.590582003213824,0.11814729619862471,0.1823650002396496,0.10890570034790169,0.419820740576661,0.1527110965025546,0.25480810117597225,0.17266006174481205,5172,1467,1468
26,25025020101,0.8549556847014339,0.011424232428375187,0.030892952255134973,0.06478303204980859,0.20510910204953106,0.17964427936871713,0.28546923200981966,0.32977738657193195,71.84948960557331,103.15645576145856,0.0,27.339045901822395,7.358047244459994,36.285370644465395,19.11653775417092,19.548643605837796,7.358047244459994,9.30575210833644,0.0,0.0,0.6418489814181174,0.12093749261641674,0.1530963945209664,0.08411713144449948,0.36082534782117354,0.17947077905009046,0.2667104675326326,0.19299340559610323,6398,4670,4670
27,25025020200,0.7947313574227357,0.026674311864270026,0.09802240977910283,0.06473161733024028,0.28170899116653564,0.24239529319056877,0.28265646566011554,0.19323924998277983,124.56874887649825,33.25565268698895,0.0,27.63692950614068,19.183067634683095,55.52797931151687,38.87437586783723,26.499257560256712,19.183067634683095,9.591533817341547,0.0,0.0,0.56696742272168,0.16584029844044307,0.16697052332942447,0.10022175550845232,0.42501889241713303,0.18888202435013465,0.24601244367623473,0.1400866395564974,5928,5779,5779
28,25025020301,0.6354166666666666,0.028645833333333297,0.3020833333333333,0.0026041666666666,0.9230769230769232,0.0256410256410256,0.0,0.0512820512820512,0.0,4.991071580743773,0.0,44.919644226693954,0.0,0.0,4.991071580743773,0.0,0.0,4.991071580743773,0.0,0.0,0.4716683454329988,0.2272479993180107,0.2017752420895731,0.0993084131594172,0.4820962944807908,0.17697122808382454,0.224368052600103,0.11656442483528161,3880,49875,49875
29,25025020302,0.8356290174471993,0.0,0.08356290174471992,0.0560146923783287,0.2232142857142857,0.1696428571428571,0.2839285714285714,0.3232142857142857,104.19005699325749,13.023757124157186,0.0,13.023757124157186,39.07127137247156,0.0,39.07127137247156,39.07127137247156,13.023757124157186,26.04751424831437,0.0,0.0,0.5755688088014096,0.1510796162268619,0.1846161745383652,0.0887354004333633,0.4110767166333449,0.189271198063615,0.2612719019354843,0.1383801833675557,1644,1998,1998
30,25025030100,0.8917975059935629,0.0,0.017086931078335643,0.08378785414053848,0.24699393805907763,0.19777879672224688,0.46470565797838526,0.09052160724029011,63.94843631816678,16.5528398045377,0.0,0.0,0.0,10.280918903030459,66.21135921815079,10.280918903030459,0.0,20.561837806060918,0.0,0.0,0.6798269357484324,0.09523242258740544,0.15501413205679368,0.0699265096073684,0.34409407290293076,0.20912421319822336,0.31006971765796193,0.13671199624088373,2860,2891,2891
31,25025030200,0.8694874851013111,0.0071513706793802,0.0536352800953516,0.0572109654350417,0.2543589743589743,0.2984615384615384,0.321025641025641,0.1261538461538461,139.03186929881534,15.447985477646148,46.34395643293845,15.447985477646148,0.0,30.895970955292288,30.895970955292288,30.895970955292288,0.0,15.447985477646148,0.0,0.0,0.6584766865166208,0.11103023147251671,0.164731253580733,0.0657618284301292,0.3776397061938094,0.1994058055201251,0.2975245541147008,0.1254299341713645,3354,1860,1860
32,25025030400,0.8947212680670884,0.005999144480441312,0.01918495831206393,0.0646266389266822,0.2851801781254014,0.21180222140019125,0.3379980002795341,0.1650196001948731,455.43346258968876,62.418193965336265,18.50610483233474,28.543548231113878,0.0,18.50610483233474,79.35551683244748,16.937322867111195,18.50610483233474,45.48087109822507,0.0,0.0,0.7051136568537103,0.06848769731818724,0.15744362312395874,0.0689550227041437,0.3583962039218786,0.19245805980630748,0.305628314791188,0.1435174214806257,4571,9319,9319
33,25025030500,0.8660384788736216,0.0009736966664412466,0.04526814971570279,0.06292438720665058,0.23172296407681847,0.18031445541541846,0.3640086704625143,0.22395391004524853,91.7770593909368,42.4356155406553,15.465847696826453,15.465847696826453,29.45974501375184,58.3553868273609,60.28126079714113,15.919771286705606,0.45392358987915254,0.45392358987915254,0.0,0.0,0.7211642571968246,0.06394399002501011,0.15264618844698236,0.06224556433118275,0.3287431283297291,0.19814652587268816,0.3097590783545487,0.16335126744303388,3858,3846,3846
34,25025040100,0.9255506908964521,0.0,0.02206142977014651,0.044882759054131166,0.3018372662378878,0.10053565686212487,0.32863606368169823,0.268991013218289,18.934599531617884,18.934599531617884,0.0,0.0,6.8249058456258025,24.732760040404006,13.136439022831762,0.0,0.0,26.272878045663525,5.79816050878612,0.0,0.664809432395581,0.12312253442954949,0.15345159627840033,0.058616436896469025,0.35849372365844057,0.142056172441263,0.2848696379781257,0.21458046592217062,3843,3755,3755
35,25025040200,0.340217796562259,0.2089583158952038,0.0893330453707725,0.36149084217176464,0.7253750549035793,0.07269573263998476,0.09040431658010839,0.11152489587632736,6.47010320026719,0.0,0.0,0.0,0.0,12.904961148532726,0.0,0.0,3.235051600133595,0.0,0.0,0.0,0.35796882451900813,0.22564946733034139,0.3224840451710269,0.09389766297962353,0.6389601735589308,0.116646962853628,0.13584474217100762,0.10854812141643362,4595,908,908
36,25025040300,0.7072729715265453,0.09275592959670077,0.05863211155844512,0.125679742680839,0.28678505925863046,0.11216665771866613,0.3568868012612123,0.24416148176149097,8.999603012107068,2.7980931932783006,0.0,19.269238423217832,3.294229045987906,9.059240804861476,10.187852653313751,6.588458091975814,12.963800881549446,5.7650117588735705,0.0,0.0,0.5088210292358326,0.1678263510447547,0.22555798031765317,0.09779463940175938,0.46593434889020574,0.13615261416079888,0.2465415722878293,0.15137146466116602,8238,4249,4249
37,25025040401,0.7973037748546221,0.02608446064943383,0.07936454873463404,0.06683900580608557,0.2834046533171251,0.15972230082943406,0.29027267666592177,0.2666003691875189,24.487611484229507,16.093182495881305,7.003078026718001,0.6956754808151016,7.003078026718001,47.6301952253958,8.394428988348203,0.6956754808151016,0.0,3.4783774040755078,0.0,0.0,0.6393668497351763,0.10967878908388447,0.17195172404523681,0.07900263713570224,0.3750786578821486,0.1430529457596406,0.28666382225617953,0.1952045741020312,4935,11563,11563
38,25025040600,0.8556305354253327,0.04637971304637971,0.02744419287210257,0.04308492112122202,0.13460883058873005,0.1257721462652367,0.4666184180683761,0.273000605077657,2.788208220705011,6.444048754215601,0.5576416441410021,1.3941041103525056,0.0,5.8864071100745985,4.771123821792594,1.1152832882820043,1.6729249324230069,0.5576416441410021,0.8364624662115034,0.0,0.5163988126437193,0.19615094906163655,0.19666615580576663,0.09078408248887737,0.44312541989688486,0.14516296598654393,0.2644869914621036,0.1472246226544673,5346,7909,7909
39,25025040801,0.38963339173572775,0.1214338830285553,0.18782280636112655,0.2866548024027402,0.6662191062100303,0.05192261494139446,0.09405252413931295,0.1878057547092623,1.5522357843769183,8.482294288809387,0.5174119281256394,9.086934210768117,0.0,4.871799320277029,2.930015581087657,1.2499158233975536,0.5174119281256394,2.499831646795107,0.0,0.0,0.3809720749042617,0.2162584825283368,0.28699796892718327,0.1157714736402181,0.5874885578454532,0.11862209055272085,0.17817591668039634,0.11571343492142949,9455,8707,8708
40,25025050101,0.28430514963904957,0.025156147016379866,0.06584201460221074,0.6015305933207865,0.5236639573566539,0.20155253620218827,0.1992261937496867,0.07555731269147095,6.459079246775037,2.9574402074245336,0.0,0.0,9.121639113142441,0.9858134024748447,0.0,0.0,2.6625598663674026,0.9858134024748447,0.0,0.0,0.31254369218959255,0.06725518512519299,0.553407569103022,0.06679355358219233,0.5215110660199107,0.2000206146699226,0.21002763711743358,0.06844068219273296,15282,3999,3999
41,25025050200,0.23305745714090834,0.017837813969409342,0.056028950506926155,0.6731338032964742,0.47934374572980176,0.3154293332465189,0.145691806856615,0.059535114167064154,71.12533815657237,15.742947464632962,0.0,5.663254484434579,26.965004251046313,24.504282956530098,8.494881726651869,15.237943371364349,17.090877472023937,2.8316272422172895,0.0,0.0,0.31483225007255383,0.04889761258963457,0.5810770287411396,0.0551931085966717,0.4930284857950815,0.21960671750635122,0.22115321791666434,0.06621157878190277,13891,14515,14514
42,25025050300,0.43263089926358533,0.07010699997853363,0.06806961628983829,0.413615757930254,0.5331216276988294,0.1112871292522649,0.28303157958002495,0.07255966346888057,9.506235205387572,5.232090760822767,1.0464181521645535,2.092836304329107,2.092836304329107,5.232090760822767,1.0464181521645535,2.092836304329107,2.092836304329107,5.320562596729359,0.0,0.0,0.3529375282125037,0.07708525874537638,0.5128370933243455,0.05714011971777443,0.5018265740579007,0.20161764336393131,0.22936957397205152,0.06718620860611639,8474,23972,23972
43,25025050400,0.4417592508449542,0.011497329916875586,0.03633630547163661,0.4879661137343902,0.44955756352815174,0.2381387593491666,0.23992203884737817,0.07238163827530336,94.59603570850692,23.481595463487263,14.76152516958099,8.050416439348387,7.380762584790492,30.192704193719862,45.62388321785875,39.58242834218404,0.0,8.050416439348387,0.0,0.0,0.42005637880109115,0.06648315561306939,0.4620746950783427,0.051385770507496584,0.4598030592617817,0.21474705839187308,0.2519944167136159,0.07345546563272912,6253,8856,8856
44,25025050500,0.36084284460052685,0.0408252853380158,0.0408252853380158,0.5456540825285338,0.5270805812417437,0.2272126816380449,0.1941875825627476,0.051519154557463594,0.0,0.0,0.0,8.939031944521235,0.0,26.817095833563705,0.0,8.939031944521235,17.87806388904247,8.939031944521235,0.0,0.0,0.3577689058300815,0.0972757204402917,0.4973111744445247,0.0476441992851021,0.5005510242627712,0.2070920090555501,0.2257876505196229,0.0665693161620556,6363,1944,1944
45,25025050600,0.3025774795602991,0.04264847475415818,0.009798159129423781,0.6313344493923563,0.47125807805227493,0.19294942560571102,0.19023266354404217,0.14555983279797183,65.94870764057288,30.77801360275776,16.53168872564092,35.348741299805916,0.0,42.73897463135052,16.53168872564092,28.314602492242887,4.748774959038949,14.068277615126046,0.0,0.0,0.3539835786020497,0.06481479791770062,0.5329047513048732,0.04829687217537637,0.4882542326562118,0.20852108863771696,0.23283746829416518,0.07038721041190597,6414,10626,10626
46,25025050700,0.2569646842728926,0.005323183182141599,0.011723717619505249,0.7002394485050071,0.4441263319972744,0.2690723029913005,0.25039435229004936,0.03640701272137555,40.200088941989,7.309726855127402,4.420993753940473,8.605655684903786,4.184661930963312,51.99135316971386,0.0,8.369323861926624,8.605655684903786,0.0,0.0,0.0,0.3216050499065857,0.050204536821191095,0.5850706899827769,0.04311972328944611,0.48538066795347423,0.22073749221878916,0.23336169631031534,0.06052014351742114,15361,6508,6508
47,25025050901,0.22850130293724652,0.0018667814906006448,0.03148491095466259,0.6831807121694751,0.5363303108765785,0.1381213312667991,0.2813186822569415,0.04422967559968073,29.710055567719532,14.640844471636628,0.0,1.8293986896427883,0.0,17.712925251186725,0.8793530668698333,14.71719198203407,0.0,6.37320409029252,2.269075223077705,0.0,0.3262110512016514,0.06181173591190538,0.5609064754415968,0.051070737444846324,0.5060381752433926,0.19352985736672731,0.23246933926894098,0.06796262812093902,13415,10790,10791
48,25025051000,0.44989610201455366,0.028279868498161626,0.06439893569444417,0.4203781017409029,0.5755358897380246,0.15053386347897327,0.22412834459838074,0.04980190218462115,4.361168575815101,2.702838719350707,0.0,3.813606451589629,1.5437558930628368,11.376860776931961,6.811851967096061,1.8621700904851939,3.0875117861256736,1.8621700904851939,2.066010324505993,0.0,0.4007805506492471,0.10289444184870383,0.43534816533652454,0.060976842165524424,0.5185339146297255,0.17412463396026623,0.2462046118874589,0.061136839522549204,13408,6441,6441
49,25025051101,0.38251007408160675,0.022372261769508562,0.06139107886312372,0.5164595636565894,0.47846902600654145,0.1366909192290145,0.31590432732717605,0.06893572743726786,12.024065654132814,2.622238600025478,0.0,2.567235667439855,3.755583790875681,15.897916178029769,1.5902207495682048,2.622238600025478,0.41870545580903873,0.6978069053645044,0.41870545580903873,0.2791014495554657,0.3747932955951924,0.09278999591297275,0.4686965715487522,0.06372013694308251,0.5170370903654078,0.16663218720541778,0.24939129774552088,0.06693942468365345,15674,7373,7373
50,25025051200,0.5898725381446935,0.019604700423036605,0.04213266052126413,0.31250614439664837,0.3443578097070441,0.29612648630489075,0.29533991729877535,0.06417578668928971,4.6013881958182585,2.3006940979091293,16.253507390866172,0.0,11.652119195047911,5.8260595975239555,5.8260595975239555,8.126753695433086,2.3006940979091293,3.826029361672379,0.0,0.0,0.4537663974916389,0.07891308111837922,0.41401828660972306,0.053302234780258737,0.4488584825453653,0.22338997384388884,0.25071222496844775,0.07703931864229806,8989,2950,2950
51,25025060101,0.9607931563668204,0.008567658828516176,0.005205590436047114,0.015818889656125018,0.15303824534753538,0.16849800576045088,0.4253844659442548,0.25307928294775883,3.7329182710526263,0.0,0.0,22.39750962631576,0.0,7.924711015437944,2.0388355518728623,0.0,2.0388355518728623,3.7329182710526263,0.0,0.0,0.7753101669654231,0.08694300333607513,0.08489701485879657,0.052849814839705106,0.2869740238566255,0.18252976066009652,0.33381301949433245,0.1966831959889454,4316,1678,1678
52,25025060200,0.9694630312117294,0.005411911519823004,0.003006617511012739,0.01944045467410748,0.18253299092727723,0.19304374853873313,0.3818362614859281,0.24258699904806127,7.281855001717926,0.0,0.0,0.0,3.7752629835782447,0.0,0.0,0.0,0.0,0.0,0.0,0.0,0.777367308675149,0.0850500983359121,0.08427155206728659,0.05331104092165208,0.29712452104464865,0.1750772510252935,0.35153421271439145,0.1762640152156663,3299,262,262
53,25025060301,0.9153662772175747,0.004699975115318441,0.005073288579063269,0.054665351297559624,0.23099544575989556,0.1596141475931625,0.4120443191048644,0.19734608754207744,33.89674909178346,19.771333815916098,0.0,9.885666907958049,3.295222302652683,15.959978137195419,3.295222302652683,6.905286627057576,3.295222302652683,0.0,0.0,0.0,0.7714944169335468,0.08801377245770135,0.08903990941402323,0.051451901194728686,0.2927728497236713,0.17287710735426687,0.3438330991569575,0.1905169437651043,4822,7148,7148
54,25025060400,0.9170153584653925,0.020928616547755977,0.03570753319359996,0.02634849179325153,0.2173279122224538,0.13961965323012143,0.40508253174510733,0.23796990280231725,11.206773213950328,9.494523827006637,0.0,5.54392594919055,10.033220066446471,18.982271979724004,7.231878252546707,4.996917598818948,2.242953140055642,4.485906280111285,0.0,0.0,0.6916171049141886,0.13026380228500775,0.11032061809823414,0.0677984747025693,0.34520187771847227,0.17032344925431628,0.31664874561630424,0.16782592741090707,8045,4507,4507
55,25025060501,0.8633005731940581,0.012042297420074234,0.06441824417978755,0.046359549461327205,0.15563079334346633,0.19094863655085195,0.34081353331970227,0.3126070367859794,33.51818716504073,11.579444097014305,5.844439594525963,3.8849803514135597,2.3651485028677426,47.02791193475863,24.795010996626534,4.730297005735484,2.300144771231591,2.300144771231591,1.584835580181969,0.0,0.7059959832020245,0.11126584727318325,0.11989757286021101,0.06284059666458096,0.31294562987010816,0.17778847000932851,0.32256252834017507,0.18670337178038807,7199,16966,16966
56,25025060700,0.11604600741569303,0.38375759152506844,0.05957470453693193,0.4033142132127524,0.8148436630087076,0.1690908795688363,0.012227181233089858,0.0038382761893660127,0.0,7.245950643473804,0.0,0.0,8.042238987970851,16.084477975941702,7.245950643473804,0.0,8.042238987970851,0.0,0.0,0.0,0.2572480667428758,0.38178797718928253,0.30629315521653955,0.05467080085130189,0.6404919962477814,0.14450652383019777,0.16019585474669484,0.05480562517532571,5152,1837,1837
57,25025060800,0.8436051223519311,0.00016607743357376005,0.10045842259803249,0.04759429048190464,0.17279311374019696,0.18343312137950485,0.44110883585056015,0.20266492902973804,38.27621351376944,27.687870068161516,6.7584816670752605,17.153723154942913,9.343742905944843,29.447508582334123,14.170906734010991,11.585645495141412,13.205871398241609,0.0,0.0,0.0,0.4977653270543185,0.23299298389358383,0.1881509638425909,0.08109072520950662,0.44875802477551147,0.16921012897715526,0.2626162777265806,0.1194155685207525,7024,8767,8767
58,25025061000,0.3726282286245764,0.22244139461228227,0.04041042091033611,0.35633153512601373,0.7970248053754794,0.06902007130633664,0.0935123271143206,0.040442796203863506,3.154614178478684,0.0,0.0,3.154614178478684,0.0,0.0,0.0,15.930530183878442,9.621301826921075,0.0,0.0,0.0,0.24443360194884955,0.20500899434509942,0.1988377027856484,0.04734013887660692,0.4370971431206258,0.08830197775015823,0.12193746369601831,0.048283853389402,6596,1370,1369
59,25025061101,0.17113019553280806,0.21155439393018943,0.15636837443601662,0.4014068541130391,0.9309857928247427,0.0262402516279922,0.031141844598520985,0.011632110948743911,0.0,0.0,0.0,0.0,0.0,0.0,0.0,2.725560810237768,0.0,10.204633218167992,0.0,0.0,0.24900334100536808,0.3517258378847189,0.3088219314226826,0.09044888968723015,0.6872881762293178,0.11822461897400136,0.14254577688119832,0.051941427915482494,7718,1525,1525
60,25025070402,0.3335801554979637,0.1236579044798222,0.4420584968530174,0.0740466493891151,0.6019061583577713,0.0850439882697947,0.19281524926686214,0.1202346041055718,48.55879888557863,11.20587666590276,0.0,7.470584443935174,0.0,41.08821444164346,18.67646110983793,11.20587666590276,0.0,3.735292221967587,3.735292221967587,0.0,0.4237751926648846,0.2513286524943473,0.19593385577330133,0.1289622990674667,0.4858201006596986,0.1663456928179213,0.236124145983466,0.1117100605389139,5836,11900,11900
61,25025070600,0.7819827926509425,0.04754760755565061,0.07937799273480092,0.05992048872070239,0.1493951150573626,0.07721000379664142,0.3611250864432459,0.4122697947027498,52.190854829043,82.56565027791515,7.370997968414208,7.370997968414208,7.667932493485981,22.409928430314398,45.71066043584412,15.038930461900192,7.667932493485981,7.667932493485981,0.0,0.0,0.4620146248064209,0.24208083889196216,0.19367411496066775,0.10223042134094922,0.43855591560474033,0.16774587249416648,0.24125909000244447,0.15243912189864856,3427,3904,3904
62,25025070700,0.5462019838438712,0.20235923384022086,0.09402030492553286,0.11007928280800204,0.3290404922678133,0.12673657882745795,0.23106672591147773,0.3131562029932509,119.73130835456676,27.750833215625498,6.9377083039063745,59.007747324658716,0.0,79.89532571928689,34.68854151953188,12.159602902563417,5.221894598657042,13.875416607812749,0.0,0.0,0.4619683375265758,0.2459272370965362,0.18918164369774274,0.10292278167914524,0.4545988517766891,0.16961854701961102,0.2332160245995618,0.142566576604138,6074,8843,8843
63,25025071101,0.5005130580823821,0.13034990537916913,0.18627466169627513,0.12398430942753491,0.4454331070379963,0.18236196728112428,0.186206627380671,0.18599829830020836,27.30064890669649,6.987032312632412,0.0,29.130584668118583,0.0,23.70600058003037,9.638252628946956,4.819126314473478,5.7340941951845235,6.987032312632412,2.8670470975922617,0.0,0.28828256823360116,0.3724747347320527,0.2542641296205575,0.08497856741378844,0.5576509990715701,0.17641921058636514,0.18913110585892617,0.07679868448313842,11682,37084,37084
64,25025071201,0.400510490336735,0.15384109453700062,0.11071933276137383,0.3005058716983213,0.5085059776896663,0.13270641367470146,0.1980950930532685,0.1606925155823636,20.639358738091364,58.39816719534003,0.0,11.335399259198562,5.667699629599281,16.925531668558207,18.801837008384695,1.876305339826488,7.544004969425768,5.667699629599281,0.0,0.0,0.3709181393224966,0.28966919756153015,0.2409339818652185,0.09847868125075468,0.5187723541051203,0.1657309931729745,0.20966808849056637,0.10582856423133866,9285,9618,9618
65,25025080100,0.15073068060328942,0.48487338816498293,0.0164928304954393,0.27216025427423135,0.7772523099574764,0.11709818481423215,0.10564950522829124,0.0,13.613850241482044,11.575724895123722,0.8008147200871791,4.004073600435896,2.7667629741647493,17.98224265582115,7.135155388503857,8.008147200871791,2.7667629741647493,0.0,0.8008147200871791,0.0,0.21154451134122315,0.46181442150753116,0.2681314243036752,0.058509642847570306,0.5912578659654331,0.17193310345561544,0.1795793440162637,0.05722968656268761,11915,24458,24458
66,25025080300,0.0657596371882086,0.6126984126984127,0.0240362811791383,0.2530612244897959,0.6795895096921323,0.1448118586088939,0.1619156214367161,0.0136830102622576,14.87916547191705,3.7197913679792625,0.0,3.7197913679792625,14.87916547191705,11.159374103937786,0.0,7.439582735958525,11.159374103937786,11.159374103937786,0.0,0.0,0.1414327042771417,0.5299773145765257,0.2822342944388307,0.0463556867075018,0.6249326424138066,0.1706929582229875,0.1615407295637325,0.0428336697994732,9166,9133,9133
67,25025080401,0.09205244146035631,0.41694695345988975,0.024911443297465922,0.4444544744311278,0.7572859022179746,0.1479450121966735,0.08701168053598249,0.007757405049369378,17.59257119808867,20.11604116431407,5.029010291078518,16.171079378956772,6.468431751582709,15.797776782801497,5.029010291078518,11.497442042661227,3.2342158757913544,0.0,0.0,0.0,0.17452701182864824,0.48117138810534105,0.2909951735042217,0.05330642656178879,0.6290854394621421,0.16744194298876677,0.15486607685569673,0.048606540693394186,11431,16856,16856
68,25025080500,0.07989506186944927,0.4009804427412289,0.06595622426473244,0.405841985148546,0.7720833417074031,0.13443231639643985,0.08385756319134406,0.009626778704813014,12.441179097782921,0.0,0.0,0.0,20.463497038277414,16.044635880988984,0.0,8.837722314576858,0.0,16.86004025507135,0.0,0.0,0.21082635245668577,0.43159270192228083,0.28410246748903756,0.07347847813199579,0.6265639361695025,0.16602235893748019,0.15871785501813845,0.048695849874878704,14021,8649,8649
69,25025080601,0.4087498913831389,0.23019554247066323,0.22126348175689042,0.11765837366946869,0.791297626283307,0.07155053508396524,0.10545712385071641,0.03169471478201121,34.03547231736399,11.34515743912133,0.0,9.027701944075742,7.5083167260210715,17.925208707916532,9.157897124310697,4.895301350561083,7.803876606435471,5.060666050740529,0.0,0.0,0.33935657629979127,0.32804638890973364,0.21582775070455956,0.11676928408591555,0.672956664373383,0.13843574331883113,0.1394202472794087,0.04918734502837705,19299,48128,48128
70,25025080801,0.2808799633117845,0.23494479804614193,0.09524597404116938,0.3622039836457197,0.8404633515073813,0.1145805556427002,0.044956092849918576,0.0,6.829734387093813,0.0,0.0,0.0,6.829734387093813,6.829734387093813,2.2765781290312703,4.553156258062541,7.692215811044518,9.106312516125081,3.1390595529819776,0.0,0.39697230158359814,0.2672103186463567,0.22677710762075987,0.10904027214928522,0.6878649883826627,0.1484762705252247,0.12666630293687023,0.036992438155242155,15597,10577,10577
71,25025080900,0.6575987150532637,0.04405107969815874,0.16424589584827265,0.10947434994356287,0.4446209383292018,0.24838983291615757,0.2472124130337588,0.059776815720881754,52.864567253880836,22.623525017679828,0.0,10.561127262977733,0.0,19.5490426087183,19.614478790970786,12.036184906836175,0.0,3.0090462267090436,0.0,0.0,0.3639949500252076,0.29536512345064686,0.21384276297737853,0.12679716354676682,0.5758837136101983,0.18827395519482257,0.1811545790742255,0.05468775212075348,11106,13857,13857
72,25025081001,0.29519466191512256,0.15697713661326662,0.33118883099086016,0.20623175709830277,0.7218008132976877,0.18888886252834614,0.07944771296023548,0.009862611213730457,31.130306319144232,5.330880643616099,0.0,24.626189494447857,0.0,6.51888378979602,3.25944189489801,4.120689125565569,2.6708434499437317,2.6418095306300455,0.0,0.0,0.37219420986373986,0.29313201030713243,0.20736101291374526,0.12731276691538224,0.5433509288958939,0.1886460222903685,0.19740915040251786,0.07059389841121975,18421,36152,36152
73,25025081200,0.14150307461688671,0.3731158399459474,0.029178443147313562,0.4507126667129439,0.7227646475587186,0.11228512959109839,0.1302876025106519,0.03466262033953096,13.240246888871377,25.827714431722036,6.865480571086927,2.1249221059281496,4.740558465158778,10.624610529640748,0.0,8.990402677015076,4.249844211856299,8.990402677015076,0.0,0.0,0.22798430293257133,0.39914306658470267,0.3218873705221586,0.050985259960567395,0.593735907042109,0.16832827664895342,0.17995875932368113,0.05797705698525636,11960,10991,10991
74,25025081400,0.36662734836091876,0.4289820523512276,0.06092666822355806,0.13176681071260432,0.5172617020166284,0.20439995692501464,0.2296884661778407,0.04864987488051622,4.443316891179034,2.0202658967123885,0.0,5.724969873423759,11.785767563560926,11.018842284641591,3.928589187853642,1.908323291141253,10.28022937017393,12.927165575782846,0.0,0.0,0.23550221605523886,0.4618875057624904,0.2445098901489612,0.0581003880333095,0.5883012517887308,0.17793553090747827,0.1800328203830853,0.05373039692070544,12319,14919,14919
75,25025081500,0.12108198565306372,0.5441675606169623,0.019185175511308803,0.2583626066326857,0.664908660378104,0.16011382605181435,0.13283773168627175,0.04213978188380983,2.1590711841828867,0.0,0.0,0.0,3.6780205035822986,11.034061510746897,0.0,4.318142368365773,3.6780205035822986,5.837091687765185,0.0,0.0,0.1941754722389674,0.47461196150590823,0.28729442962970775,0.04391813662541649,0.5916795887150166,0.1740939763217726,0.17876944497331082,0.05545698998989995,10391,4035,4035
76,25025081700,0.033596296634271244,0.5855640077819313,0.012531156319598356,0.2923168981695255,0.7363817897075083,0.17051098038745538,0.08327727498038247,0.00982995492465373,1.811588019237364,7.246352076949456,0.0,1.811588019237364,12.754937697326563,8.497972435979369,1.0444515515558326,0.0,5.589247971607864,6.539704652832567,2.733208400814667,0.0,0.15327132253512565,0.5285725691031324,0.27563028501761266,0.04252582334412918,0.6125221226155183,0.17317957367911918,0.16872155914879364,0.045576744556568675,22693,35336,35336
77,25025081800,0.061785801723892614,0.5107410607160479,0.003896764941882904,0.3590666385667254,0.7993013455064258,0.10313907012465214,0.07247794957406384,0.025081634794858084,0.0,2.799562292994157,0.0,18.103302168868233,16.05932354602653,13.042106517881823,2.2128824518744024,3.017217028144705,9.051651084434116,6.03443405628941,0.0,0.0,0.1296286516773599,0.5419316347681771,0.2876058946436017,0.04083381891086131,0.6331106371080728,0.16666070893626309,0.1580493938462761,0.04217926010938789,18773,10381,10381
78,25025081900,0.04030647418267606,0.6401164931339658,0.0,0.30491521124513343,0.7597696666837579,0.08521316590085476,0.10922062850350137,0.04579653891188589,1.5257602577488727,0.0,0.0,1.5257602577488727,20.09382259054608,2.2324371133602336,6.118944579947789,0.0,3.886507466587556,2.2324371133602336,0.0,0.0,0.13990943844053902,0.5233216732586091,0.29540695767758124,0.041361930623270655,0.6278274404474657,0.1682962988161572,0.15648081744762932,0.04739544328874777,15586,9463,9463
79,25025082000,0.04794499225143466,0.6789630569861251,0.005434295747130441,0.24267109171956502,0.6070693671563983,0.1823347224316601,0.16855349825748714,0.04204241215445439,3.0394279936598934,3.0394279936598934,3.0394279936598934,1.7444993078571607,27.107693121835535,13.52011126075928,0.0,2.6573279719224403,2.6573279719224403,5.696755965582334,0.0,0.0,0.15861670983534606,0.525352113356981,0.27557391946883936,0.040457257338833576,0.6059073595264222,0.17034222947761776,0.17312311257337457,0.05062729842258549,13876,11387,11387
80,25025082100,0.08492264714291847,0.5099572873071655,0.0,0.34147975787569346,0.667548384398376,0.16180748722393481,0.15716146968997344,0.013482658687715645,15.216071469545774,0.0,2.6347151810974947,0.0,15.064689748514693,5.269430362194989,2.3386053725778986,7.608035734772889,3.3637897316130996,3.3637897316130996,0.0,0.0,0.12584019362226614,0.5462022635204731,0.29604714759473216,0.031910395262528396,0.630775543540326,0.1716650559209113,0.1580966469647586,0.03946275357400402,26731,11635,11635
81,25025090100,0.0238217524533226,0.5661352303710144,0.021184722651770942,0.3782257281222648,0.6837387896536173,0.16312841886207996,0.13826976521942316,0.014863026264879464,13.038800865889081,10.44924170064313,4.753870649329181,4.083513068208943,12.162717189864745,10.44924170064313,5.65451940132103,3.1828643162170933,1.2320218778335255,2.564061795485482,0.0,0.0,0.11255906821491736,0.552338709598672,0.29779318131723803,0.03730904086917241,0.6119459916149014,0.1734592759282144,0.17197544541846532,0.04261928703841878,26854,14794,14793
82,25025090200,0.01884411318123289,0.595146628893752,0.0033506498925538674,0.3585878861211757,0.7810413765010492,0.12043155538772114,0.09015659806053164,0.008370470050697871,19.076346019452934,11.739154901500187,0.0,15.40775046047656,14.014688222006466,37.70061699452784,3.6685955589763704,19.076346019452934,10.553711632551096,0.0,0.0,0.0,0.10896311395550128,0.5582555062676853,0.2971729395631411,0.03560844021367212,0.631335818322138,0.17300334320879723,0.15647748488207866,0.03918335358698593,12290,47459,47459
83,25025090300,0.04591553416519289,0.6004280807479112,0.0,0.34397753176154117,0.755008662242193,0.12383537234072403,0.12115596541708286,0.0,5.173165153773453,11.584677240713988,0.0,7.649859020107614,10.346330307546905,9.64834983411819,2.5865825768867263,3.824929510053807,4.527722684908187,6.468862792929648,0.0,0.0,0.11750130616684232,0.5532574875090911,0.29506253684873524,0.0341786694753312,0.6284188445195548,0.17212907721297768,0.15813324533597237,0.041318832931494964,21563,12684,12684
84,25025090400,0.015470347253433119,0.5141703748684324,0.017486492781631623,0.4159021741289082,0.5859572560314189,0.2079406138034395,0.14160057833369738,0.06450155183144404,7.1747023308743945,1.7826497810985165,2.6960262748879393,4.4786760559864565,4.8295065117820934,19.861916394665144,6.842527565535772,10.784105099551756,2.529938892218627,9.308182567768549,0.0,0.0,0.1317651509615549,0.5184390205904594,0.3012990075654343,0.04849682088255119,0.6067158627938001,0.18300791513164547,0.16118795255081916,0.04908826952373522,19771,9791,9791
85,25025090600,0.056329107760555934,0.6454362630510463,0.06827389077818423,0.18184210308425605,0.6603146876319079,0.14165502223699475,0.1768809301201674,0.021149360010929867,7.021260410301414,8.73289443919719,2.6548131907028187,4.366447219598595,14.042520820602828,22.00696039271128,5.3096263814056375,13.099341658795783,2.6548131907028187,12.330886791707053,0.0,0.0,0.14146873757413514,0.5326318850046837,0.27998996706359636,0.04590941035758454,0.606967873898141,0.17727987961629943,0.16847966945604373,0.04727257702951583,8876,8157,8157
86,25025090700,0.7198380903328955,0.06143388176572331,0.061934120880160044,0.11948630419934034,0.43520342570516984,0.16202657919548633,0.30891563400176575,0.0938543610975779,18.766597855125266,20.570000017313617,1.134897427519729,1.134897427519729,3.2052951101048004,12.424598202869078,1.6194902252038597,5.3779687009462025,8.350181298293696,2.1040830228879903,0.0,0.0,0.3212079278391817,0.3673111189877047,0.219870261056437,0.09161069211667648,0.5329113905350366,0.17939598544939742,0.21152301889064554,0.07616960512492027,12806,120454,120453
87,25025090901,0.2753901187840173,0.12125981457653258,0.28819721858790404,0.2866255631080025,0.7306233888064223,0.10852136257277009,0.14185534488087465,0.018999903739932794,2.2447948128539257,1.564740093852884,0.0,2.007082781278805,1.1223974064269628,8.3848991724779,1.1223974064269628,0.5611987032134814,2.2447948128539257,4.489589625707851,0.0,0.0,0.313293748680404,0.28984298675227943,0.24528121854505391,0.15158204602226247,0.5772138589513642,0.16386997623118782,0.20052442368658874,0.05839174113085894,12374,8628,8628
88,25025091001,0.5373554568027218,0.21933132510352413,0.18894080738026087,0.048260059129976794,0.3987982898611086,0.13109447475741906,0.3314180675332027,0.1386891678482696,15.890111166644457,5.009054438778213,0.6169137493613538,7.722743537172093,0.0,25.119016637778447,1.8507412480840613,4.789350882565037,0.0,1.688885550770817,0.6169137493613538,0.0,0.34972248892334484,0.3261782645420993,0.1880258813995552,0.1360733651350006,0.49691983124442635,0.17723434547190844,0.23913887398372616,0.08670694929993877,7845,21796,21796
89,25025091100,0.5263580376114524,0.07375666225767696,0.23900857769898318,0.09335954678319229,0.3949948323105204,0.2032712754920324,0.30194152429467747,0.09979236790276964,14.630791909905556,9.320745312350041,2.411126767968983,5.678822033996441,8.029931808422484,21.50508661446412,2.1248751635285155,7.803697197524956,2.1248751635285155,0.0,0.0,0.0,0.3710878399854075,0.3096095573219394,0.18288620235289746,0.1364164003397555,0.47201305325752585,0.1876544001311325,0.2482909522347958,0.09204159437654584,11317,7809,7810
90,25025091200,0.41837165875815246,0.28426677964405844,0.08318066924606791,0.15482176632851685,0.3629198373665404,0.13793749591067855,0.30889011087014523,0.19025255585263565,18.59191829752232,6.168615432198265,0.0,9.136012949903195,12.33723086439653,18.698549096760956,3.0843077160991323,6.158336033042705,3.1806591161822135,0.0,0.0,0.0,0.22137457467555932,0.446420836778866,0.25911515807844565,0.07308943046712892,0.554964978118789,0.17799286803266715,0.19523686133503781,0.07180529251350593,9290,8247,8247
91,25025091300,0.07881287010576907,0.6215897350598809,0.04343833153797393,0.22688547273076493,0.6717767413167711,0.18887462995278326,0.10659018082649575,0.03275844790394985,24.207060147594767,24.207060147594767,0.0,10.349414417987056,8.069020049198254,5.788625680409453,5.174707208993528,5.174707208993528,10.349414417987056,2.8943128402047265,0.0,0.0,0.15068544755427976,0.5134365830833078,0.28272334208421745,0.05315462727819498,0.595355729012744,0.18428729324079082,0.17028555495114453,0.05007142279532052,12712,10665,10665
92,25025091400,0.07541196046778764,0.4891331880291762,0.012966802262356355,0.36707525318333545,0.5649995798940337,0.2108903798723338,0.15287776323998675,0.07123227699364564,6.591040856648453,9.886561284972679,0.0,0.0,9.408349723502727,12.703870151826953,0.0,0.0,0.0,3.295520428324226,0.0,0.0,0.14693595661952533,0.4954898127826835,0.30810344482851737,0.04947078576927366,0.598960466066385,0.17889622819762774,0.16869388162235352,0.0534494241136337,15932,4569,4569
93,25025091500,0.13159404966861402,0.4746511057395895,0.028127692053970102,0.27973325280983274,0.5466615418116315,0.20678489218610221,0.18339119971545778,0.06316236628680835,5.418534228396858,2.709267114198429,0.0,7.147818545021179,2.3826061816737267,13.2857965167665,2.709267114198429,5.091873295872156,2.3826061816737267,9.263124425534793,0.0,0.0,0.169507053898441,0.4956374791979957,0.2702867473173312,0.06456871958623196,0.5777401936372691,0.18571676181801894,0.1770584219388073,0.05948462260590451,19964,8175,8175
94,25025091600,0.18027474688023548,0.30285636809419836,0.3286749760967266,0.16109368099240315,0.5600025626894841,0.2524328829384609,0.15642771905767394,0.031136835314380988,13.740933722415974,5.608715255348742,0.0,8.413072883023114,6.098805258809575,22.644096608899922,2.804357627674371,3.0494026294047876,7.255939070916344,6.098805258809575,0.0,0.0,0.17122841286989102,0.46985512356606746,0.24487574862188388,0.11404071494215752,0.5637714421617394,0.2025553178368973,0.17874619116150323,0.054927048839860014,12639,12511,12510
95,25025091700,0.03586688951625973,0.6672164023310063,0.08434104723203034,0.18329794548651376,0.6512990019848218,0.17537604234625595,0.13138669496083022,0.04193826070809193,18.670769073838514,14.079152364699045,0.0,0.0,0.0,11.736419879231304,0.0,9.386101576466029,4.693050788233014,2.451752381858821,0.0,0.0,0.13535298213373512,0.5385727064690911,0.25238869063808056,0.07368562075909317,0.5927561568659013,0.1934506436947061,0.16898327965343152,0.04480991978596106,14698,9665,9665
96,25025091800,0.047836467342156,0.6206759989946036,0.02528949337999661,0.24816856132711781,0.6233567830545064,0.25112436673276145,0.11480472776031789,0.010714122452414262,11.601044481344418,3.4572190327109635,0.0,6.914438065421927,12.343655031177565,7.045615719755254,4.900888111670109,0.0,4.1582775618369645,2.7146084828778188,0.0,0.0,0.14172543744496816,0.5434239397980636,0.26217194268215416,0.05267868007481402,0.5880886103197497,0.19061268161504497,0.17588935739384584,0.045409350671359316,20328,11205,11205
97,25025091900,0.04878774466562416,0.5910258011466604,0.0,0.32542408401881284,0.5560030378687374,0.2210437175828457,0.16439290231029527,0.058560342238121586,2.010795404379166,2.010795404379166,0.0,2.023087343092706,20.713207671338594,8.067765494943746,6.0569700905645805,2.010795404379166,0.0,3.5175073228037457,0.0,0.0,0.12591266524869027,0.5685645486884484,0.2552150220197935,0.05030776404306763,0.561465317714317,0.2023588278944365,0.18778160198724148,0.04839425240400495,24805,7144,7143
98,25025092000,0.07444287921090817,0.5981445479570344,0.0842690493514762,0.20297725315458331,0.478706257702944,0.2417282705164082,0.26070550128087283,0.018859970499774913,14.144301930288094,0.0,0.0,0.0,22.005873125597077,8.911932049520576,6.010783035707315,6.718361655331804,9.723753173185461,3.0053915178536577,0.0,0.0,0.13868980658221033,0.5501902554873555,0.23303500157800588,0.0780849363524282,0.5534083493536629,0.20470285542599811,0.19112895054650356,0.05075984467383538,32084,14225,14224
99,25025092101,0.2690657428335464,0.22351362847384432,0.39127214637653684,0.09766109229983178,0.5339348549081053,0.12495297340316107,0.26120567696891717,0.07990649471981622,12.683873134525962,6.666719987143068,5.874486554401642,15.762387802591372,6.600490277535323,25.085671525364063,4.0299671479447206,2.7849585548952267,2.0781648336176883,0.0,0.0,0.0,0.260598343476184,0.4145870720146783,0.17640494904457038,0.1484096354645671,0.5098126673907185,0.1862818665494369,0.23192174109362412,0.07198372496622048,24555,35578,35578
100,25025092200,0.2475551963198583,0.3625753678692981,0.18109862264214002,0.16397089432002054,0.4218926190621046,0.2034363170026475,0.29770548342370745,0.07696558051154029,12.505246556163694,18.352362447732236,0.0,0.0,7.182166627961381,6.5624710613750254,2.159350814905403,1.0796754074527015,4.585280365292729,7.642146468827726,0.0,0.0,0.1832318779167341,0.5068204942244917,0.22018555171284027,0.08976207614593378,0.5371905702679418,0.1998268735221808,0.20247289190891352,0.060509664300963786,13414,66890,66891
101,25025092300,0.04103592685316187,0.6277045921785664,0.00973390481891291,0.29688573083676445,0.5264607590022564,0.2625750492135549,0.17760733829539765,0.03335685348879096,17.032524759149982,14.134634728785764,0.0,9.7845015362349,14.662298630504493,12.125820317184669,0.0,1.5984260963407082,2.5364783133198237,2.5364783133198237,0.0,0.0,0.12753446094047274,0.5826108006575035,0.24114685916018036,0.04870787924184331,0.5549326343351023,0.20530419769340907,0.1885486616989901,0.05121450627249838,18612,14073,14074
102,25025092400,0.010872996644366119,0.5923167358242627,0.010410315936095219,0.3715782535777994,0.7279577103114913,0.11788355223163165,0.13634989254639263,0.01780884491048447,8.862426841328027,11.984023497374059,0.0,1.5367936886887732,15.357623491749882,10.760472358141659,0.0,10.004419686795627,1.5367936886887732,6.147174754755092,4.754408902071777,0.0,0.10700870962647863,0.5733339688356249,0.2831031383207696,0.03655418321712663,0.6120215432315345,0.1744315883687811,0.17120104165926597,0.04234582674041833,33845,18023,18024
103,25025100100,0.023384455159944768,0.6700900157074638,0.013629104797023672,0.2691712732200185,0.7730517994320912,0.06673794648902633,0.13707330163576803,0.023136952443114353,8.633497517369205,5.605448157504104,0.0,4.307903011153504,5.4656472017097295,8.921242963858576,6.005119224955509,1.4985094366898115,0.9567799002170115,0.6006353577906178,1.1577441905562242,0.0,0.09229180082953936,0.512599990372182,0.23199155155141835,0.030273188234001266,0.5332890589487808,0.15090981887647692,0.1458625184649806,0.03709513469690267,30373,31029,31029
104,25025100200,0.019983216612916497,0.7599665152952695,0.009126634088655971,0.19332866390846018,0.5925240044873566,0.21729086551743426,0.16654532214198509,0.023639807853223917,5.081772837906447,0.0,6.052305379252814,5.524473018072518,14.64549717745885,18.756737474018934,0.0,0.0,3.5114189602995896,2.5408864189532236,0.0,0.0,0.12196034913887867,0.6062716750651572,0.23122490786281152,0.04054306793315248,0.5804145002627477,0.1928909578786806,0.18054903189911709,0.046145509959454614,14011,4038,4038
105,25025100300,0.027066347798509877,0.7912360465831361,0.029700871424731934,0.08242827914053912,0.5044240052041968,0.28410023943919815,0.14083905545052303,0.07063669990608187,6.711175090304757,0.0,0.0,0.0,14.73975105572011,7.484283948831679,3.8496128733188524,6.381824871527108,2.3685650764086983,0.0,0.0,0.0,0.08496270260935027,0.48004825262829687,0.15920192144158565,0.03162327072937084,0.42410329448315415,0.15772070335799349,0.13148672815136547,0.04252542141609057,17832,6811,6811
106,25025100400,0.09134936057036389,0.5291269696392242,0.07339627747582168,0.23703702761841178,0.5091889253346726,0.20420061518583127,0.24975557347420904,0.03685488600528703,10.109342476275412,3.4071958526609505,0.0,2.2860927742629387,7.223458700591073,5.171581201076516,0.0,1.1430463871314693,1.1430463871314693,0.0,0.0,0.0,0.1506994518783218,0.5645250405924926,0.22518559342498493,0.059589914104200635,0.5364219724305567,0.21089003709027265,0.19650302695913288,0.056184963520037684,17968,9535,9535
107,25025100500,0.1537855229794222,0.5767849763664356,0.07552518766568879,0.15574748647586387,0.4903904230196908,0.22802558870727008,0.17416329589559212,0.1074206923774468,4.701633857246514,4.560213453522104,0.0,6.5514014409606975,10.551549859842364,19.748780642453855,2.671276848702519,0.0,7.132147576221619,0.0,0.0,0.0,0.17455847235312813,0.5321827577737279,0.22122850138200734,0.07203026849113645,0.5375872947978062,0.20281014744692943,0.19759295695109913,0.062009600804165135,29376,19039,19039
108,25025100601,0.35843935258293513,0.2895140970165752,0.14099934673467046,0.1104632373994054,0.37977293103062676,0.23832583637828714,0.26320910640600526,0.11869212618508071,13.731745112542846,13.731745112542846,0.0,3.4329362781357116,1.3839783488307669,13.820451297387406,2.449597055581201,6.865872556271423,1.3839783488307669,1.2247985277906006,0.0,0.0,0.2752829585788706,0.4185757058017574,0.18937757701970376,0.11676375859966819,0.4930510596704102,0.2012040451875358,0.22881550002642742,0.07692939511562652,18688,6921,6921
109,25025100603,0.7998849348199119,0.0722073102424731,0.08279592583788824,0.023090206955010843,0.26700043538586843,0.24808326558292396,0.34829599951370477,0.13662029951750282,10.175293429445432,1.8813962105264983,2.7369619374522287,7.268066735318165,1.4536133470636332,16.845312544625692,5.21640576811663,2.9072266941272664,0.4277828634628652,4.1905752845158615,1.4536133470636332,0.0,0.34674075162869095,0.38149647668010567,0.17001869700033184,0.10174407469087145,0.4809792226486585,0.19317147478275173,0.24240387483015743,0.08344542773843203,3797,26310,26310
110,25025100700,0.9010599629714555,0.015505719579284257,0.07002478104885426,0.0054314362253312844,0.2678596428386424,0.22717673383120507,0.36789036501568606,0.13707325831446637,13.912210624536401,9.575547893886158,2.7973429608934826,3.1318282529989507,1.4061796238900706,11.198633437622078,4.942877652528408,4.981355433926374,1.009755055875331,1.9665612983265388,0.0,0.0,0.4220010399514779,0.34835824268425797,0.13867038553751432,0.09097033182674973,0.4445007743589285,0.19922964254280873,0.26467664367235055,0.09159293942591214,11165,23433,23433
111,25025100800,0.5538901687750348,0.2526069785567831,0.10876037851488286,0.06087379591467879,0.3314980292308142,0.18766456499722947,0.3379271405038281,0.1429102652681281,5.815762785759328,2.686414591361732,1.006219367443789,5.990645300591146,8.172802858644435,8.099088400269338,0.18247839064360957,1.006219367443789,1.374054816125158,0.367835448681369,0.18247839064360957,0.0,0.33474253054296543,0.4165743050710059,0.16214450555198362,0.08653865883404487,0.4529509138259086,0.20371856753664475,0.25385352873914035,0.08947698989830623,12789,15437,15436
112,25025100900,0.21939948600664788,0.5415324894742481,0.09626694881570834,0.09514387564433026,0.3325928295988474,0.31982949202337735,0.2611199676328723,0.08645771074490284,20.58669186285993,10.658562557317694,0.0,16.770475790819734,9.324454323753036,8.730063017250105,4.130556597815079,3.3366657900307057,2.5969488629689788,2.8571155080212147,0.0,0.0,0.19792669068111246,0.5517503978454421,0.1921924441226463,0.058130467350798916,0.5022117952882617,0.21475633706816485,0.2189525417964561,0.06407932584711729,9747,18582,18582
113,25025101001,0.019862811448682696,0.7937485788028825,0.0,0.13822295303307724,0.4801731254015374,0.24695021704619446,0.19147552407036866,0.08140113348189935,4.2987492518486565,2.5381490529952018,2.606649883185189,6.977567381769945,5.286327695169071,10.273366409609556,3.463701817155264,1.7606001988534552,1.3504382492453573,2.135321936479331,0.0,0.0,0.09553706730225016,0.528740739713141,0.17640757914037472,0.022740908664951247,0.4458380905547867,0.1657841595116188,0.16356780442050578,0.04823624033380579,25048,18825,18824
114,25025101002,0.038255004804115846,0.7927737104796517,0.008699899838890718,0.12818769496624016,0.6174075713003755,0.1880345433494005,0.16071109017914398,0.033846795171079816,6.267618957110747,7.565414129431841,1.044603159518458,2.089206319036916,5.943551059006475,8.753292639457577,1.044603159518458,0.0,2.089206319036916,2.8097415804511012,2.089206319036916,0.0,0.13172378631597614,0.6218189964486254,0.2102091041836006,0.03624811305179777,0.5517111893655786,0.19956814282228352,0.19192588987134354,0.05679477794079423,28710,13769,13769
115,25025101101,0.008769030732171302,0.843758507135727,0.0,0.13418332584280787,0.6032417568764002,0.23695397189539374,0.13784856603275047,0.02195570519545546,5.541194378136433,5.394769080861695,0.0,2.8991343202248885,21.761277952957652,18.605069370419418,0.0,0.0,2.495634760636806,2.495634760636806,0.0,0.0,0.11472726883652402,0.6352937423811482,0.2192008379232161,0.03077815085911149,0.5737473479505435,0.19485957264499068,0.1838054531517526,0.04758762625271328,17253,6590,6590
116,25025101102,0.017296274844568416,0.8021245735599232,0.00662522151964457,0.15584799785659748,0.6405203270257436,0.16992735026666825,0.1671898434934478,0.022362479214140283,20.1907977605511,7.699812265607124,0.0,1.7150171276042208,21.85119284292252,14.32613123363978,3.53179634935405,4.01766195106848,2.458303051779581,0.0,0.0,0.0,0.09837201693833342,0.6537713028142176,0.21825058290411808,0.029606097343330754,0.5840375491777557,0.19160650051674885,0.17953121438161843,0.04482473592387688,27059,18391,18391
117,25025110201,0.1341752170481452,0.4747434885556432,0.0082872928176795,0.3468823993685872,0.5794701986754967,0.2262693156732891,0.1401766004415011,0.054083885209713,17.230890259995814,5.743630086665272,0.0,0.0,5.743630086665272,17.230890259995814,5.743630086665272,2.871815043332636,0.0,0.0,0.0,0.0,0.21516923539432298,0.458227264454253,0.2956422521491499,0.030961248002274,0.5057927808584426,0.2148390322396898,0.218087970809271,0.0612802160925966,8012,5686,5686
118,25025110301,0.2748641883799326,0.37655767861797695,0.014513305695913827,0.3056228639356928,0.4141283355859165,0.3161327395570765,0.20957243209110687,0.0601664927659,14.2016088404175,19.527212155574066,1.7752011050521874,2.4228284433644336,1.7752011050521874,13.721662411989803,0.6476273383122458,2.4228284433644336,3.550402210104375,1.7752011050521874,0.0,0.0,0.18169710393273275,0.5115307169570545,0.2732305993450467,0.033541579765165835,0.5451687490060689,0.19796841523051814,0.20207999891974623,0.054782836843666464,8536,43295,43295
119,25025110401,0.27449966036513224,0.2383019324644123,0.034856764781020066,0.43209124933316173,0.47667585004197455,0.2618428436924589,0.21896993140296925,0.04251137486259723,2.863015215869567,0.0,0.0,3.817353621159422,9.463829880818308,8.072099358923648,3.3004073324743706,3.3004073324743706,1.908676810579711,3.817353621159422,0.9543384052898555,0.0,0.29810799077098676,0.3676108093397016,0.2949219288057253,0.03935927108358623,0.4878803751275274,0.21521595015249673,0.22825054100552442,0.06865313371445134,10267,5902,5902
120,25025110403,0.5086762413034049,0.1896684763307725,0.022140480617419186,0.2622749085099315,0.2943739402271581,0.16278595351985922,0.45869847578964446,0.08414163046333813,0.0,1.5179339413199906,0.0,0.0,1.252887266807652,1.5179339413199906,0.0,0.0,2.5534253907210385,3.2664488752514838,0.0,0.0,0.39866612145874336,0.29790996931525987,0.26108735748522965,0.042336551740766955,0.40222326896411215,0.20191005139304394,0.3030346040725142,0.0928320755703295,11856,2249,2249
121,25025110501,0.811843205444441,0.03284591962963112,0.013114917267686139,0.1079848870259265,0.2922908381423703,0.20754960973052242,0.32916790889691006,0.1709916432301971,3.2424325344123948,0.0,0.0,1.428556682688025,0.0,9.042303192903997,0.0,0.0,1.428556682688025,1.428556682688025,0.0,0.0,0.45483007070477594,0.27388098992073934,0.2292213822381979,0.04206755713628681,0.40480918900364377,0.20456487780433424,0.2891659436678739,0.10145998952414786,7764,3624,3624
122,25025110502,0.4800404251219815,0.10066744047302269,0.03760898067998522,0.32459531507251854,0.35224456637475565,0.1601230430296018,0.3830547431527488,0.10457764744289355,27.17623030969739,15.549168038175452,5.264825972061664,13.147894094305338,3.2869735235763344,10.072631318421395,5.041915514263556,11.390323374308363,1.5320315328891128,3.509883981374443,0.0,0.0,0.37500783105542435,0.32374641865484816,0.2622978191772506,0.03894793111247674,0.44457769130780855,0.20195746558432492,0.2739999066821182,0.07946493642574814,9190,14231,14231
123,25025110601,0.7583757221809736,0.008121347178501149,0.08392217685008933,0.10684884472657476,0.30181747628507677,0.13963827624458533,0.3301488989273979,0.22839534854293994,3.076316693839446,0.0,0.0,2.0188773440698475,1.4421569914503731,2.403594985750622,0.0,0.0,0.0,0.9614379943002488,0.0,0.0,0.5156633366901707,0.2419018320559628,0.19121825991138455,0.05121657134248188,0.40208021649017833,0.18224012886922306,0.29842168836084976,0.11725796627974872,2927,1767,1767
124,25025110607,0.8038046296430684,0.011103788352327695,0.038391826384668176,0.11055111247855404,0.1708054073092186,0.2633391211445025,0.44579018387339064,0.12006528767288811,6.0762015240464775,6.348359394869179,0.7827153290957024,12.618914363607917,7.285454097684521,5.571103207390547,3.0997195813833067,3.0997195813833067,0.7827153290957024,1.081312439283983,0.7827153290957024,0.0,0.5100409241474314,0.22543135695601868,0.21382061940719646,0.050707099489353265,0.3724828529961147,0.20211091546119853,0.3100311715937785,0.11537505994890815,8302,10243,10244
125,25025120103,0.7856371490280778,0.0232181425485961,0.0620950323974082,0.0745140388768898,0.1574074074074074,0.1322751322751322,0.3544973544973545,0.3558201058201058,36.80139857564487,8.49263044053343,0.0,11.323507254044571,0.0,2.830876813511144,11.323507254044571,2.830876813511144,0.0,0.0,0.0,0.0,0.4579840270095627,0.2515899396915949,0.23365988435125593,0.0567661489475864,0.4124769245669019,0.195943370855789,0.2665887966015828,0.1249909079757262,2421,5954,5954
126,25025120104,0.5078242284678692,0.1767070324325388,0.08218931741048313,0.17918535127479318,0.4000228849220419,0.2497020438101437,0.2617533040511655,0.08852176721664891,0.0,1.8246309571429327,0.0,0.0,9.381307199856368,18.762614399712735,0.0,0.0,9.381307199856368,0.0,0.0,0.0,0.31886208900685425,0.3486986850052668,0.27819496080448824,0.0542442651833906,0.5241154998732259,0.19008907872469713,0.21321433133692239,0.07258109006515454,2419,2793,2793
127,25025120105,0.8176674965189586,0.03976615782181044,0.06209211844499805,0.0512865976789054,0.15429306113925675,0.08996394268367534,0.3808822648155526,0.3748607313615151,0.0,0.4347336334892581,0.0,3.675443265514753,1.7241266702149431,0.0,0.0,0.6036716119758028,2.414686447903211,0.0,0.0,0.0,0.4695206413807935,0.2760503509121468,0.1973706295906418,0.05705837811641775,0.4150729781145533,0.1936530013067898,0.26986871156993725,0.12140530900871939,2688,5570,5570
128,25025120201,0.49048639700904156,0.17269370983789648,0.0570792512631569,0.2452510641704434,0.3848443262578376,0.20292677483275015,0.31119243062034707,0.10103646828906503,8.599835282090487,12.729305705829173,1.444780034112324,4.334340102336971,0.0,13.491464326139232,6.814160813365051,1.512792412119738,4.334340102336971,2.684690389626364,0.0,0.0,0.2817182793383487,0.40391774907022515,0.26225251780309417,0.05211145378833169,0.5180660475438306,0.19527238445172046,0.21576291019140267,0.07089865781304622,10906,15682,15682
129,25025120301,0.42168238296628247,0.16554478492710883,0.032764403593884245,0.33088008757882464,0.3322752290838086,0.21948155109404655,0.3393167447553788,0.108926475066766,9.587724417841889,4.180044396587194,2.189501665517488,10.753306352611078,5.47613264352943,24.524009965422334,5.4737541637937195,5.134218679583583,5.274795229345938,4.180044396587194,0.0,0.0,0.2986772658973485,0.3641486869920827,0.283124888394714,0.05404915871585466,0.5054491894798726,0.18505073523053606,0.2345232001010478,0.07497687518854344,12992,10623,10622
130,25025120400,0.7486718835730302,0.04629858161806315,0.054913166722909836,0.09661512342346755,0.25877380347988266,0.19582218449046476,0.309367277449413,0.23603673458023944,9.941487540143408,6.017216207130853,0.0,12.034821740101878,9.570359538925826,14.350247103900116,3.488040439521142,2.2742848795955823,1.4628660507649762,2.0251743887561657,0.0,0.0,0.41274848295667654,0.29906151106795004,0.23512169861674773,0.05306830735862554,0.4229483267140135,0.196614425787729,0.26015834353968725,0.12027890395857015,12212,15974,15973
131,25025120500,0.3902378103607514,0.0751550050691557,0.08406303168134123,0.4235796292831101,0.36058057972774593,0.21173065339610125,0.2864856740073959,0.14120309286875682,40.23004365472652,3.0157938041908734,8.36777686165115,3.0157938041908734,3.0157938041908734,8.36777686165115,18.142506873963942,19.59720407344428,14.245221015984006,7.486284807862088,0.0,0.0,0.2584435745561632,0.3839655704492999,0.2965235992942963,0.061067255700240554,0.5614165846552225,0.17534362272555157,0.19736421064677845,0.06587558197244744,6477,15415,15415
132,25025120600,0.6460973710967265,0.06565206329990542,0.03946868511794189,0.19700186678000417,0.10058710347445825,0.24292188046983956,0.4510234887212024,0.20546752733449963,28.638613124657414,14.678631872874405,0.0,8.685154187586075,10.603917098593149,10.264854995977199,5.132427497988599,4.413776876897206,0.0,12.041218340775938,0.0,0.0,0.38234088543133465,0.27958136533587385,0.27907247204283725,0.05900527718995409,0.4623067506228265,0.19538651521377343,0.24386024601519915,0.09844648814820084,2749,2178,2177
133,25025120700,0.5157024701747932,0.14778870546617842,0.09591609652470576,0.20783882746477228,0.2408660617507512,0.3092999601915134,0.3317911060485101,0.11804287200922518,13.526865793089131,6.763432896544565,0.0,3.381716448272283,0.0,13.380893462839275,3.381716448272283,3.381716448272283,3.381716448272283,3.381716448272283,0.0,0.0,0.3529211640776404,0.299636522528666,0.2733813058751651,0.07406100751852852,0.4908708912001425,0.20692681759873094,0.22145015560168216,0.08075213559944429,2703,3803,3803
134,25025130200,0.8564656723502468,0.024272947846782824,0.04326163588447631,0.047743347134108674,0.2268172440504246,0.13581019459826849,0.4344467961965526,0.20292576515475425,20.374944481508628,8.670244383546395,0.0,9.778972528369055,1.1807346355930528,12.110027688224442,0.735576942349639,2.2635302621539535,3.04271397772147,0.0,0.0,0.0,0.5428047693063242,0.12927965190273685,0.1299695691250644,0.04016199844567818,0.27898504157781934,0.15347230305368262,0.28072222759403,0.1290364165542716,7821,17112,17112
135,25025130300,0.8305220173593709,0.0544880038734831,0.053635164197755575,0.0603065270926042,0.2078082308644237,0.16645648223776255,0.3398306011069975,0.2859046857908162,2.6419640095575563,3.838575555575929,0.0,4.512296134876794,2.960698755892597,5.317427385834809,2.0017427969763872,1.5991771714973797,0.7464661280261832,0.8051312509580143,0.0,0.0,0.3772080234809248,0.09771489248701862,0.09174251898316785,0.028747028776952708,0.1961108040742794,0.1120141341156729,0.19807123164786114,0.08921629389025056,7414,7237,7237
136,25025130402,0.7883801587384422,0.034722954286470716,0.05278364293587136,0.09144731996537686,0.4724302581692328,0.13240126162717888,0.31244275974186825,0.08272572046171998,8.651257820012617,8.014159799089803,1.8772838658885613,3.328026209936463,0.6095779108746665,14.53476274121503,1.625118249301841,1.7029079606346218,1.841859518102168,1.1173480800882538,0.0,0.0,0.49378555992677353,0.24337596813254242,0.21237731025280768,0.050461161687876184,0.3898182868443063,0.19619180051524973,0.30971638251626815,0.10427353012417571,7717,34732,34732
137,25025130404,0.5175278457838853,0.22072843342096748,0.09107110999026709,0.16944723707600304,0.4732420625164973,0.1769889215297394,0.26476498597776765,0.08500402997599557,1.316159301956113,1.8094579811940559,0.0,0.7402090778525138,0.0,3.7010453892625685,0.0,0.7402090778525138,0.7402090778525138,2.54966705904657,0.0,0.0,0.36350072361450303,0.34401754428654596,0.23781533725176254,0.05466639484718836,0.4787704994265388,0.21603975488218027,0.23123977205479906,0.07394997363648188,6665,4654,4654
138,25025130406,0.25457048715734915,0.4667470737661979,0.052198497857838505,0.1939495672194795,0.5541587356222647,0.2650257474747039,0.14964880756589358,0.031166709337137628,1.231176160517709,0.3626964800916743,0.0,1.5556111208062318,3.0042334396424213,1.736959360852069,0.18134824004583716,0.18134824004583716,0.0,1.3742628807603947,0.0,0.0,0.2940938348383967,0.41257782498865964,0.23290090085973608,0.06042743931320745,0.5180595412430836,0.22009318349787624,0.20538969317170672,0.05645758208733336,16481,3515,3515
139,25025140102,0.29723830695231707,0.4667623954598233,0.04157500157623585,0.16416379517190816,0.2521763886357847,0.21926738844018814,0.38670343351396985,0.14185278941005727,0.0,4.839406891086878,0.7906084235374126,1.8077839285329644,2.2850601252900122,4.380360024076587,3.0180450811445176,2.1590425540281606,2.086075252647242,1.011056317436873,0.3223369103877876,0.0,0.2524589927105028,0.4667316771764184,0.23747666030261025,0.043332669810468495,0.46084193696999143,0.20160367136556112,0.2625424048237506,0.07501198684069674,15379,8207,8207
140,25025140105,0.25356364086190203,0.2984404464071954,0.005333834100957378,0.4211887609777358,0.35386659664987136,0.14760754634216317,0.45568288095123577,0.042842976056729626,6.374891873301769,5.70005631096567,1.9000187703218903,3.8000375406437805,1.9000187703218903,19.0001877032189,0.0,1.9000187703218903,0.0,2.0245066870082993,0.0,0.0,0.22777943666369604,0.4598640343557001,0.28517674503021034,0.027179783950393336,0.47725811944260826,0.22761670005542553,0.23256891360543003,0.06255626689653618,13140,20459,20459
141,25025140106,0.15046458706607102,0.48862900786435004,0.019310899204946913,0.3336270547681286,0.6833062770808237,0.20305325016284423,0.07564970453442085,0.037990768221911005,9.725559470507756,0.0,0.0,2.431389867626939,2.431389867626939,4.862779735253878,0.0,2.431389867626939,0.0,2.431389867626939,0.0,0.0,0.18439442324532482,0.19623253932478338,0.1424841221928235,0.02057066250695911,0.2636318446207431,0.11000558095858663,0.12795473910258082,0.042089582587980165,9859,5128,5128
142,25025140107,0.31503533972269276,0.3485972916984288,0.0,0.2986489045663248,0.3617355961733235,0.2192210579661578,0.26280738748858523,0.15623595837193338,0.0,0.0,0.0,0.0,1.270681962869019,2.776118580363194,2.776118580363194,0.0,2.541363925738038,1.270681962869019,0.0,0.0,0.21036731377936538,0.4698128868921751,0.2829194769419901,0.03690032238646924,0.5029722464509668,0.19623343368576687,0.22159208997328184,0.07920222988998417,7513,1479,1479
143,25025140201,0.39319550850096086,0.291442139228798,0.07051851418995357,0.21201304252590017,0.3775732804622587,0.24503324193012907,0.2867621271468076,0.09063135046080457,1.4250477867562965,2.850095573512593,1.4250477867562965,1.5478027209514365,1.4250477867562965,3.095605441902873,1.5478027209514365,2.198949147232015,0.0,1.3022928525611566,1.4250477867562965,0.0,0.28001851973553926,0.43289527211809936,0.24432081227021474,0.04276539587614658,0.4345116294445307,0.21948966941062167,0.26353566561855957,0.08246303552628798,6994,9433,9433
144,25025140202,0.2819302098002781,0.32077300154606014,0.047238850402583396,0.2935077966055543,0.37184715157435244,0.2106370371694291,0.3054681786079794,0.11204763264823886,2.546747810670666,2.2344589954155594,0.0,0.0,4.37067610406979,2.9258338444865517,2.0722599267092794,0.0,1.8275111155100079,0.6718769730034977,0.0,0.0,0.2673912889111498,0.429500908277357,0.2599695689072934,0.04313823390419978,0.45428210362465354,0.20652826051424908,0.2544706320714451,0.08471900378965223,18328,4786,4786
145,25025140300,0.13774641324865988,0.5526683153761955,0.004981209100580759,0.3000576024828573,0.4922806537188871,0.27121355109175993,0.20251406696985566,0.03399172821949732,10.692233319405535,7.912411869661938,1.0685983390173421,7.479410589785703,9.157815365003325,16.09824240270013,4.498258674951926,2.8892463308249434,5.663246672693007,2.3867874056238936,0.5648675948898423,0.0,0.18630252658597982,0.5180488288284221,0.2664737011172866,0.029174943468311343,0.49851208907332467,0.21278331873211725,0.22677315670641618,0.061931435488141735,24999,49893,49894
146,25025140400,0.06571639525654527,0.6448451056545894,0.0014106516823327296,0.25781665905196544,0.4880924601630885,0.257150580564759,0.21590090096730238,0.038856058304850165,5.319346155358278,1.8277822810562194,2.078885246069835,0.26954367719473443,5.260988031148703,6.928085507383672,0.26954367719473443,2.3484289232645694,0.5826159609276186,0.26954367719473443,0.0,0.0,0.15026316632705541,0.5655740104221094,0.2564016495210397,0.027761173729795273,0.5219269023984571,0.21375580951709774,0.20980371792531127,0.05451357015913391,34216,24295,24293
147,25025981100,0.215085243203484,0.4332910940697531,0.006805619278582458,0.3266697253719604,0.5943979266347688,0.23704146730462514,0.13307416267942582,0.035486443381180205,0.0,0.0,0.0,1.2728263884627875,0.019034334440327656,0.0,0.0063447781467758846,0.0,0.0,2.545652776925575,0.0,0.0,0.19663355901249227,0.5038559347608134,0.2592383264882313,0.040272179738462956,0.5432614521232342,0.1986401943827157,0.1959045576663441,0.062193795827705976,1881,9025,9025
148,25025981202,0.8589211618257261,0.0705394190871369,0.0,0.0373443983402489,0.0,1.0,0.0,0.0,7.460819192761612,6.282795109693988,2.74872286049112,1.570698777423497,0.3926746943558742,1.963373471779371,0.3926746943558742,0.0,0.3926746943558742,1.570698777423497,0.0,0.3926746943558742,0.528692936931749,0.2163694357222153,0.1849818329175635,0.069955794428472,0.3902852402100293,0.2454070184970752,0.24693370601366488,0.1173740352792304,643,4164,4164
149,25025981800,0.6875,0.3125,0.0,0.0,0.2857142857142857,0.2857142857142857,0.0,0.4285714285714285,0.0,0.0,0.0,0.0,0.0,0.0,0.0,0.0,0.0,3.7332891945013285,0.0,0.0,0.4507139741944583,0.2654729338329065,0.1974547995335514,0.0863582924390836,0.4657593264777162,0.19421899652665,0.2448304749164424,0.0951912020791913,3035,4177,4177
